{"cameraMode":{"drawMode":0,"name":"Shaded","section":"Shading Mode"},"sceneLighting":true,"audioPlay":false,"sceneViewState":{"showFog":true,"showMaterialUpdate":false,"showSkybox":true,"showFlares":true,"showImageEffects":true,"showParticleSystems":true},"in2DMode":false,"pivot":{"x":21.80613899230957,"y":0.9990181922912598,"z":33.09260177612305},"rotation":{"x":0.16671180725097657,"y":-0.6049177050590515,"z":0.13140074908733369,"w":0.7674742937088013},"size":4.906614780426025,"orthographic":false}