{"cameraMode":{"drawMode":0,"name":"Shaded","section":"Shading Mode"},"sceneLighting":false,"audioPlay":false,"sceneViewState":{"showFog":true,"showMaterialUpdate":false,"showSkybox":false,"showFlares":true,"showImageEffects":true,"showParticleSystems":true},"in2DMode":false,"pivot":{"x":2.695220947265625,"y":59.97349166870117,"z":-94.6378173828125},"rotation":{"x":0.5478644967079163,"y":0.0138019360601902,"z":-0.009040574543178082,"w":0.8364048600196838},"size":235.16798400878907,"orthographic":false}