{"cameraMode":{"drawMode":0,"name":"Shaded","section":"Shading Mode"},"sceneLighting":false,"audioPlay":false,"sceneViewState":{"showFog":true,"showMaterialUpdate":false,"showSkybox":false,"showFlares":true,"showImageEffects":true,"showParticleSystems":true},"in2DMode":false,"pivot":{"x":-0.23685860633850099,"y":3.857740640640259,"z":2.9509763717651369},"rotation":{"x":0.2637597620487213,"y":-0.5078697800636292,"z":0.1668373942375183,"w":0.8029102683067322},"size":8.526702880859375,"orthographic":false}