{"cameraMode":{"drawMode":0,"name":"Shaded","section":"Shading Mode"},"sceneLighting":false,"audioPlay":false,"sceneViewState":{"showFog":true,"showMaterialUpdate":false,"showSkybox":false,"showFlares":true,"showImageEffects":true,"showParticleSystems":true},"in2DMode":false,"pivot":{"x":-27.353864669799806,"y":0.5912109613418579,"z":12.689870834350586},"rotation":{"x":0.11431297659873963,"y":0.24385035037994386,"z":-0.028957292437553407,"w":0.9626219868659973},"size":5.658631324768066,"orthographic":true}