{"cameraMode":{"drawMode":0,"name":"Shaded","section":"Shading Mode"},"sceneLighting":true,"audioPlay":false,"sceneViewState":{"showFog":true,"showMaterialUpdate":false,"showSkybox":true,"showFlares":true,"showImageEffects":true,"showParticleSystems":true},"in2DMode":false,"pivot":{"x":33.364051818847659,"y":28.205848693847658,"z":27.683679580688478},"rotation":{"x":0.5149055123329163,"y":-0.1612274944782257,"z":0.09929350018501282,"w":0.8360748887062073},"size":29.123613357543947,"orthographic":false}